{
  "shape": {
    "lineSegmentDefinitions": [
      {
        "start": {
          "x": -4.119608376915398,
          "y": -1.1546645807031286
        },
        "end": {
          "x": 4.1000377908017835,
          "y": -1.193805752930353
        },
        "type": "DEFAULT"
      },
      {
        "start": {
          "x": 4.1000377908017835,
          "y": -1.193805752930353
        },
        "end": {
          "x": 4.119608376915396,
          "y": -1.976629197474847
        },
        "type": "DEFAULT"
      },
      {
        "start": {
          "x": 4.119608376915396,
          "y": -1.976629197474847
        },
        "end": {
          "x": -4.139178963029011,
          "y": -1.9374880252476219
        },
        "type": "WIN"
      },
      {
        "start": {
          "x": -4.139178963029011,
          "y": -1.9374880252476219
        },
        "end": {
          "x": -4.119608376915398,
          "y": -1.1546645807031286
        },
        "type": "DEFAULT"
      }
    ]
  },
  "centerOfMass": {
    "x": 0.0,
    "y": 0.0
  },
  "ballPos": {
    "x": 0.0,
    "y": 0.0
  },
  "ballRadius": 0.5,
  "camera": {
    "bottomLeft": {
      "x": -5.773638968481375,
      "y": -9.111747851002864
    },
    "size": {
      "x": 11.060171919770774,
      "y": 17.851002865329512
    }
  }
}