{
  "shape": {
    "lineSegmentDefinitions": [
      {
        "start": {
          "x": -2.748777776866459,
          "y": -0.9785293056806168
        },
        "end": {
          "x": 11.946953250264258,
          "y": -0.9429464218376848
        },
        "type": "DEFAULT"
      },
      {
        "start": {
          "x": 18.458620993520725,
          "y": -1.0674865152879462
        },
        "end": {
          "x": 23.839046903045872,
          "y": -1.0369971668134292
        },
        "type": "DEFAULT"
      },
      {
        "start": {
          "x": 23.839046903045872,
          "y": -1.0369971668134292
        },
        "end": {
          "x": 28.768877545064818,
          "y": -1.0800524562633766
        },
        "type": "WIN"
      }
    ]
  },
  "centerOfMass": {
    "x": 0.0,
    "y": 0.0
  },
  "ballPos": {
    "x": 0.0,
    "y": 0.0
  },
  "ballRadius": 0.5,
  "camera": {
    "bottomLeft": {
      "x": -4.313982856807896,
      "y": -12.32551886135769
    },
    "size": {
      "x": 34.50736870487109,
      "y": 13.735942882521503
    }
  }
}